Date,DateKey,Year,Quarter,Month,Month Name,Day,Day Name
2008-01-01,1,2008,1,1,January,1,Tuesday
2008-01-02,2,2008,1,1,January,2,Wednesday
2008-01-03,3,2008,1,1,January,3,Thursday
2008-01-04,4,2008,1,1,January,4,Friday
2008-01-05,5,2008,1,1,January,5,Saturday
2008-01-06,6,2008,1,1,January,6,Sunday
2008-01-07,7,2008,1,1,January,7,Monday
2008-01-08,8,2008,1,1,January,8,Tuesday
2008-01-09,9,2008,1,1,January,9,Wednesday
2008-01-10,10,2008,1,1,January,10,Thursday
2008-01-11,11,2008,1,1,January,11,Friday
2008-01-12,12,2008,1,1,January,12,Saturday
2008-01-13,13,2008,1,1,January,13,Sunday
2008-01-14,14,2008,1,1,January,14,Monday
2008-01-15,15,2008,1,1,January,15,Tuesday
2008-01-16,16,2008,1,1,January,16,Wednesday
2008-01-17,17,2008,1,1,January,17,Thursday
2008-01-18,18,2008,1,1,January,18,Friday
2008-01-19,19,2008,1,1,January,19,Saturday
2008-01-20,20,2008,1,1,January,20,Sunday
2008-01-21,21,2008,1,1,January,21,Monday
2008-01-22,22,2008,1,1,January,22,Tuesday
2008-01-23,23,2008,1,1,January,23,Wednesday
2008-01-24,24,2008,1,1,January,24,Thursday
2008-01-25,25,2008,1,1,January,25,Friday
2008-01-26,26,2008,1,1,January,26,Saturday
2008-01-27,27,2008,1,1,January,27,Sunday
2008-01-28,28,2008,1,1,January,28,Monday
2008-01-29,29,2008,1,1,January,29,Tuesday
2008-01-30,30,2008,1,1,January,30,Wednesday
2008-01-31,31,2008,1,1,January,31,Thursday
2008-02-01,32,2008,1,2,February,1,Friday
2008-02-02,33,2008,1,2,February,2,Saturday
2008-02-03,34,2008,1,2,February,3,Sunday
2008-02-04,35,2008,1,2,February,4,Monday
2008-02-05,36,2008,1,2,February,5,Tuesday
2008-02-06,37,2008,1,2,February,6,Wednesday
2008-02-07,38,2008,1,2,February,7,Thursday
2008-02-08,39,2008,1,2,February,8,Friday
2008-02-09,40,2008,1,2,February,9,Saturday
2008-02-10,41,2008,1,2,February,10,Sunday
2008-02-11,42,2008,1,2,February,11,Monday
2008-02-12,43,2008,1,2,February,12,Tuesday
2008-02-13,44,2008,1,2,February,13,Wednesday
2008-02-14,45,2008,1,2,February,14,Thursday
2008-02-15,46,2008,1,2,February,15,Friday
2008-02-16,47,2008,1,2,February,16,Saturday
2008-02-17,48,2008,1,2,February,17,Sunday
2008-02-18,49,2008,1,2,February,18,Monday
2008-02-19,50,2008,1,2,February,19,Tuesday
2008-02-20,51,2008,1,2,February,20,Wednesday
2008-02-21,52,2008,1,2,February,21,Thursday
2008-02-22,53,2008,1,2,February,22,Friday
2008-02-23,54,2008,1,2,February,23,Saturday
2008-02-24,55,2008,1,2,February,24,Sunday
2008-02-25,56,2008,1,2,February,25,Monday
2008-02-26,57,2008,1,2,February,26,Tuesday
2008-02-27,58,2008,1,2,February,27,Wednesday
2008-02-28,59,2008,1,2,February,28,Thursday
2008-02-29,60,2008,1,2,February,29,Friday
2008-03-01,61,2008,1,3,March,1,Saturday
2008-03-02,62,2008,1,3,March,2,Sunday
2008-03-03,63,2008,1,3,March,3,Monday
2008-03-04,64,2008,1,3,March,4,Tuesday
2008-03-05,65,2008,1,3,March,5,Wednesday
2008-03-06,66,2008,1,3,March,6,Thursday
2008-03-07,67,2008,1,3,March,7,Friday
2008-03-08,68,2008,1,3,March,8,Saturday
2008-03-09,69,2008,1,3,March,9,Sunday
2008-03-10,70,2008,1,3,March,10,Monday
2008-03-11,71,2008,1,3,March,11,Tuesday
2008-03-12,72,2008,1,3,March,12,Wednesday
2008-03-13,73,2008,1,3,March,13,Thursday
2008-03-14,74,2008,1,3,March,14,Friday
2008-03-15,75,2008,1,3,March,15,Saturday
2008-03-16,76,2008,1,3,March,16,Sunday
2008-03-17,77,2008,1,3,March,17,Monday
2008-03-18,78,2008,1,3,March,18,Tuesday
2008-03-19,79,2008,1,3,March,19,Wednesday
2008-03-20,80,2008,1,3,March,20,Thursday
2008-03-21,81,2008,1,3,March,21,Friday
2008-03-22,82,2008,1,3,March,22,Saturday
2008-03-23,83,2008,1,3,March,23,Sunday
2008-03-24,84,2008,1,3,March,24,Monday
2008-03-25,85,2008,1,3,March,25,Tuesday
2008-03-26,86,2008,1,3,March,26,Wednesday
2008-03-27,87,2008,1,3,March,27,Thursday
2008-03-28,88,2008,1,3,March,28,Friday
2008-03-29,89,2008,1,3,March,29,Saturday
2008-03-30,90,2008,1,3,March,30,Sunday
2008-03-31,91,2008,1,3,March,31,Monday
2008-04-01,92,2008,2,4,April,1,Tuesday
2008-04-02,93,2008,2,4,April,2,Wednesday
2008-04-03,94,2008,2,4,April,3,Thursday
2008-04-04,95,2008,2,4,April,4,Friday
2008-04-05,96,2008,2,4,April,5,Saturday
2008-04-06,97,2008,2,4,April,6,Sunday
2008-04-07,98,2008,2,4,April,7,Monday
2008-04-08,99,2008,2,4,April,8,Tuesday
2008-04-09,100,2008,2,4,April,9,Wednesday
2008-04-10,101,2008,2,4,April,10,Thursday
2008-04-11,102,2008,2,4,April,11,Friday
2008-04-12,103,2008,2,4,April,12,Saturday
2008-04-13,104,2008,2,4,April,13,Sunday
2008-04-14,105,2008,2,4,April,14,Monday
2008-04-15,106,2008,2,4,April,15,Tuesday
2008-04-16,107,2008,2,4,April,16,Wednesday
2008-04-17,108,2008,2,4,April,17,Thursday
2008-04-18,109,2008,2,4,April,18,Friday
2008-04-19,110,2008,2,4,April,19,Saturday
2008-04-20,111,2008,2,4,April,20,Sunday
2008-04-21,112,2008,2,4,April,21,Monday
2008-04-22,113,2008,2,4,April,22,Tuesday
2008-04-23,114,2008,2,4,April,23,Wednesday
2008-04-24,115,2008,2,4,April,24,Thursday
2008-04-25,116,2008,2,4,April,25,Friday
2008-04-26,117,2008,2,4,April,26,Saturday
2008-04-27,118,2008,2,4,April,27,Sunday
2008-04-28,119,2008,2,4,April,28,Monday
2008-04-29,120,2008,2,4,April,29,Tuesday
2008-04-30,121,2008,2,4,April,30,Wednesday
2008-05-01,122,2008,2,5,May,1,Thursday
2008-05-02,123,2008,2,5,May,2,Friday
2008-05-03,124,2008,2,5,May,3,Saturday
2008-05-04,125,2008,2,5,May,4,Sunday
2008-05-05,126,2008,2,5,May,5,Monday
2008-05-06,127,2008,2,5,May,6,Tuesday
2008-05-07,128,2008,2,5,May,7,Wednesday
2008-05-08,129,2008,2,5,May,8,Thursday
2008-05-09,130,2008,2,5,May,9,Friday
2008-05-10,131,2008,2,5,May,10,Saturday
2008-05-11,132,2008,2,5,May,11,Sunday
2008-05-12,133,2008,2,5,May,12,Monday
2008-05-13,134,2008,2,5,May,13,Tuesday
2008-05-14,135,2008,2,5,May,14,Wednesday
2008-05-15,136,2008,2,5,May,15,Thursday
2008-05-16,137,2008,2,5,May,16,Friday
2008-05-17,138,2008,2,5,May,17,Saturday
2008-05-18,139,2008,2,5,May,18,Sunday
2008-05-19,140,2008,2,5,May,19,Monday
2008-05-20,141,2008,2,5,May,20,Tuesday
2008-05-21,142,2008,2,5,May,21,Wednesday
2008-05-22,143,2008,2,5,May,22,Thursday
2008-05-23,144,2008,2,5,May,23,Friday
2008-05-24,145,2008,2,5,May,24,Saturday
2008-05-25,146,2008,2,5,May,25,Sunday
2008-05-26,147,2008,2,5,May,26,Monday
2008-05-27,148,2008,2,5,May,27,Tuesday
2008-05-28,149,2008,2,5,May,28,Wednesday
2008-05-29,150,2008,2,5,May,29,Thursday
2008-05-30,151,2008,2,5,May,30,Friday
2008-05-31,152,2008,2,5,May,31,Saturday
2008-06-01,153,2008,2,6,June,1,Sunday
2008-06-02,154,2008,2,6,June,2,Monday
2008-06-03,155,2008,2,6,June,3,Tuesday
2008-06-04,156,2008,2,6,June,4,Wednesday
2008-06-05,157,2008,2,6,June,5,Thursday
2008-06-06,158,2008,2,6,June,6,Friday
2008-06-07,159,2008,2,6,June,7,Saturday
2008-06-08,160,2008,2,6,June,8,Sunday
2008-06-09,161,2008,2,6,June,9,Monday
2008-06-10,162,2008,2,6,June,10,Tuesday
2008-06-11,163,2008,2,6,June,11,Wednesday
2008-06-12,164,2008,2,6,June,12,Thursday
2008-06-13,165,2008,2,6,June,13,Friday
2008-06-14,166,2008,2,6,June,14,Saturday
2008-06-15,167,2008,2,6,June,15,Sunday
2008-06-16,168,2008,2,6,June,16,Monday
2008-06-17,169,2008,2,6,June,17,Tuesday
2008-06-18,170,2008,2,6,June,18,Wednesday
2008-06-19,171,2008,2,6,June,19,Thursday
2008-06-20,172,2008,2,6,June,20,Friday
2008-06-21,173,2008,2,6,June,21,Saturday
2008-06-22,174,2008,2,6,June,22,Sunday
2008-06-23,175,2008,2,6,June,23,Monday
2008-06-24,176,2008,2,6,June,24,Tuesday
2008-06-25,177,2008,2,6,June,25,Wednesday
2008-06-26,178,2008,2,6,June,26,Thursday
2008-06-27,179,2008,2,6,June,27,Friday
2008-06-28,180,2008,2,6,June,28,Saturday
2008-06-29,181,2008,2,6,June,29,Sunday
2008-06-30,182,2008,2,6,June,30,Monday
2008-07-01,183,2008,3,7,July,1,Tuesday
2008-07-02,184,2008,3,7,July,2,Wednesday
2008-07-03,185,2008,3,7,July,3,Thursday
2008-07-04,186,2008,3,7,July,4,Friday
2008-07-05,187,2008,3,7,July,5,Saturday
2008-07-06,188,2008,3,7,July,6,Sunday
2008-07-07,189,2008,3,7,July,7,Monday
2008-07-08,190,2008,3,7,July,8,Tuesday
2008-07-09,191,2008,3,7,July,9,Wednesday
2008-07-10,192,2008,3,7,July,10,Thursday
2008-07-11,193,2008,3,7,July,11,Friday
2008-07-12,194,2008,3,7,July,12,Saturday
2008-07-13,195,2008,3,7,July,13,Sunday
2008-07-14,196,2008,3,7,July,14,Monday
2008-07-15,197,2008,3,7,July,15,Tuesday
2008-07-16,198,2008,3,7,July,16,Wednesday
2008-07-17,199,2008,3,7,July,17,Thursday
2008-07-18,200,2008,3,7,July,18,Friday
2008-07-19,201,2008,3,7,July,19,Saturday
2008-07-20,202,2008,3,7,July,20,Sunday
2008-07-21,203,2008,3,7,July,21,Monday
2008-07-22,204,2008,3,7,July,22,Tuesday
2008-07-23,205,2008,3,7,July,23,Wednesday
2008-07-24,206,2008,3,7,July,24,Thursday
2008-07-25,207,2008,3,7,July,25,Friday
2008-07-26,208,2008,3,7,July,26,Saturday
2008-07-27,209,2008,3,7,July,27,Sunday
2008-07-28,210,2008,3,7,July,28,Monday
2008-07-29,211,2008,3,7,July,29,Tuesday
2008-07-30,212,2008,3,7,July,30,Wednesday
2008-07-31,213,2008,3,7,July,31,Thursday
2008-08-01,214,2008,3,8,August,1,Friday
2008-08-02,215,2008,3,8,August,2,Saturday
2008-08-03,216,2008,3,8,August,3,Sunday
2008-08-04,217,2008,3,8,August,4,Monday
2008-08-05,218,2008,3,8,August,5,Tuesday
2008-08-06,219,2008,3,8,August,6,Wednesday
2008-08-07,220,2008,3,8,August,7,Thursday
2008-08-08,221,2008,3,8,August,8,Friday
2008-08-09,222,2008,3,8,August,9,Saturday
2008-08-10,223,2008,3,8,August,10,Sunday
2008-08-11,224,2008,3,8,August,11,Monday
2008-08-12,225,2008,3,8,August,12,Tuesday
2008-08-13,226,2008,3,8,August,13,Wednesday
2008-08-14,227,2008,3,8,August,14,Thursday
2008-08-15,228,2008,3,8,August,15,Friday
2008-08-16,229,2008,3,8,August,16,Saturday
2008-08-17,230,2008,3,8,August,17,Sunday
2008-08-18,231,2008,3,8,August,18,Monday
2008-08-19,232,2008,3,8,August,19,Tuesday
2008-08-20,233,2008,3,8,August,20,Wednesday
2008-08-21,234,2008,3,8,August,21,Thursday
2008-08-22,235,2008,3,8,August,22,Friday
2008-08-23,236,2008,3,8,August,23,Saturday
2008-08-24,237,2008,3,8,August,24,Sunday
2008-08-25,238,2008,3,8,August,25,Monday
2008-08-26,239,2008,3,8,August,26,Tuesday
2008-08-27,240,2008,3,8,August,27,Wednesday
2008-08-28,241,2008,3,8,August,28,Thursday
2008-08-29,242,2008,3,8,August,29,Friday
2008-08-30,243,2008,3,8,August,30,Saturday
2008-08-31,244,2008,3,8,August,31,Sunday
2008-09-01,245,2008,3,9,September,1,Monday
2008-09-02,246,2008,3,9,September,2,Tuesday
2008-09-03,247,2008,3,9,September,3,Wednesday
2008-09-04,248,2008,3,9,September,4,Thursday
2008-09-05,249,2008,3,9,September,5,Friday
2008-09-06,250,2008,3,9,September,6,Saturday
2008-09-07,251,2008,3,9,September,7,Sunday
2008-09-08,252,2008,3,9,September,8,Monday
2008-09-09,253,2008,3,9,September,9,Tuesday
2008-09-10,254,2008,3,9,September,10,Wednesday
2008-09-11,255,2008,3,9,September,11,Thursday
2008-09-12,256,2008,3,9,September,12,Friday
2008-09-13,257,2008,3,9,September,13,Saturday
2008-09-14,258,2008,3,9,September,14,Sunday
2008-09-15,259,2008,3,9,September,15,Monday
2008-09-16,260,2008,3,9,September,16,Tuesday
2008-09-17,261,2008,3,9,September,17,Wednesday
2008-09-18,262,2008,3,9,September,18,Thursday
2008-09-19,263,2008,3,9,September,19,Friday
2008-09-20,264,2008,3,9,September,20,Saturday
2008-09-21,265,2008,3,9,September,21,Sunday
2008-09-22,266,2008,3,9,September,22,Monday
2008-09-23,267,2008,3,9,September,23,Tuesday
2008-09-24,268,2008,3,9,September,24,Wednesday
2008-09-25,269,2008,3,9,September,25,Thursday
2008-09-26,270,2008,3,9,September,26,Friday
2008-09-27,271,2008,3,9,September,27,Saturday
2008-09-28,272,2008,3,9,September,28,Sunday
2008-09-29,273,2008,3,9,September,29,Monday
2008-09-30,274,2008,3,9,September,30,Tuesday
2008-10-01,275,2008,4,10,October,1,Wednesday
2008-10-02,276,2008,4,10,October,2,Thursday
2008-10-03,277,2008,4,10,October,3,Friday
2008-10-04,278,2008,4,10,October,4,Saturday
2008-10-05,279,2008,4,10,October,5,Sunday
2008-10-06,280,2008,4,10,October,6,Monday
2008-10-07,281,2008,4,10,October,7,Tuesday
2008-10-08,282,2008,4,10,October,8,Wednesday
2008-10-09,283,2008,4,10,October,9,Thursday
2008-10-10,284,2008,4,10,October,10,Friday
2008-10-11,285,2008,4,10,October,11,Saturday
2008-10-12,286,2008,4,10,October,12,Sunday
2008-10-13,287,2008,4,10,October,13,Monday
2008-10-14,288,2008,4,10,October,14,Tuesday
2008-10-15,289,2008,4,10,October,15,Wednesday
2008-10-16,290,2008,4,10,October,16,Thursday
2008-10-17,291,2008,4,10,October,17,Friday
2008-10-18,292,2008,4,10,October,18,Saturday
2008-10-19,293,2008,4,10,October,19,Sunday
2008-10-20,294,2008,4,10,October,20,Monday
2008-10-21,295,2008,4,10,October,21,Tuesday
2008-10-22,296,2008,4,10,October,22,Wednesday
2008-10-23,297,2008,4,10,October,23,Thursday
2008-10-24,298,2008,4,10,October,24,Friday
2008-10-25,299,2008,4,10,October,25,Saturday
2008-10-26,300,2008,4,10,October,26,Sunday
2008-10-27,301,2008,4,10,October,27,Monday
2008-10-28,302,2008,4,10,October,28,Tuesday
2008-10-29,303,2008,4,10,October,29,Wednesday
2008-10-30,304,2008,4,10,October,30,Thursday
2008-10-31,305,2008,4,10,October,31,Friday
2008-11-01,306,2008,4,11,November,1,Saturday
2008-11-02,307,2008,4,11,November,2,Sunday
2008-11-03,308,2008,4,11,November,3,Monday
2008-11-04,309,2008,4,11,November,4,Tuesday
2008-11-05,310,2008,4,11,November,5,Wednesday
2008-11-06,311,2008,4,11,November,6,Thursday
2008-11-07,312,2008,4,11,November,7,Friday
2008-11-08,313,2008,4,11,November,8,Saturday
2008-11-09,314,2008,4,11,November,9,Sunday
2008-11-10,315,2008,4,11,November,10,Monday
2008-11-11,316,2008,4,11,November,11,Tuesday
2008-11-12,317,2008,4,11,November,12,Wednesday
2008-11-13,318,2008,4,11,November,13,Thursday
2008-11-14,319,2008,4,11,November,14,Friday
2008-11-15,320,2008,4,11,November,15,Saturday
2008-11-16,321,2008,4,11,November,16,Sunday
2008-11-17,322,2008,4,11,November,17,Monday
2008-11-18,323,2008,4,11,November,18,Tuesday
2008-11-19,324,2008,4,11,November,19,Wednesday
2008-11-20,325,2008,4,11,November,20,Thursday
2008-11-21,326,2008,4,11,November,21,Friday
2008-11-22,327,2008,4,11,November,22,Saturday
2008-11-23,328,2008,4,11,November,23,Sunday
2008-11-24,329,2008,4,11,November,24,Monday
2008-11-25,330,2008,4,11,November,25,Tuesday
2008-11-26,331,2008,4,11,November,26,Wednesday
2008-11-27,332,2008,4,11,November,27,Thursday
2008-11-28,333,2008,4,11,November,28,Friday
2008-11-29,334,2008,4,11,November,29,Saturday
2008-11-30,335,2008,4,11,November,30,Sunday
2008-12-01,336,2008,4,12,December,1,Monday
2008-12-02,337,2008,4,12,December,2,Tuesday
2008-12-03,338,2008,4,12,December,3,Wednesday
2008-12-04,339,2008,4,12,December,4,Thursday
2008-12-05,340,2008,4,12,December,5,Friday
2008-12-06,341,2008,4,12,December,6,Saturday
2008-12-07,342,2008,4,12,December,7,Sunday
2008-12-08,343,2008,4,12,December,8,Monday
2008-12-09,344,2008,4,12,December,9,Tuesday
2008-12-10,345,2008,4,12,December,10,Wednesday
2008-12-11,346,2008,4,12,December,11,Thursday
2008-12-12,347,2008,4,12,December,12,Friday
2008-12-13,348,2008,4,12,December,13,Saturday
2008-12-14,349,2008,4,12,December,14,Sunday
2008-12-15,350,2008,4,12,December,15,Monday
2008-12-16,351,2008,4,12,December,16,Tuesday
2008-12-17,352,2008,4,12,December,17,Wednesday
2008-12-18,353,2008,4,12,December,18,Thursday
2008-12-19,354,2008,4,12,December,19,Friday
2008-12-20,355,2008,4,12,December,20,Saturday
2008-12-21,356,2008,4,12,December,21,Sunday
2008-12-22,357,2008,4,12,December,22,Monday
2008-12-23,358,2008,4,12,December,23,Tuesday
2008-12-24,359,2008,4,12,December,24,Wednesday
2008-12-25,360,2008,4,12,December,25,Thursday
2008-12-26,361,2008,4,12,December,26,Friday
2008-12-27,362,2008,4,12,December,27,Saturday
2008-12-28,363,2008,4,12,December,28,Sunday
2008-12-29,364,2008,4,12,December,29,Monday
2008-12-30,365,2008,4,12,December,30,Tuesday
2008-12-31,366,2008,4,12,December,31,Wednesday
2009-01-01,367,2009,1,1,January,1,Thursday
2009-01-02,368,2009,1,1,January,2,Friday
2009-01-03,369,2009,1,1,January,3,Saturday
2009-01-04,370,2009,1,1,January,4,Sunday
2009-01-05,371,2009,1,1,January,5,Monday
2009-01-06,372,2009,1,1,January,6,Tuesday
2009-01-07,373,2009,1,1,January,7,Wednesday
2009-01-08,374,2009,1,1,January,8,Thursday
2009-01-09,375,2009,1,1,January,9,Friday
2009-01-10,376,2009,1,1,January,10,Saturday
2009-01-11,377,2009,1,1,January,11,Sunday
2009-01-12,378,2009,1,1,January,12,Monday
2009-01-13,379,2009,1,1,January,13,Tuesday
2009-01-14,380,2009,1,1,January,14,Wednesday
2009-01-15,381,2009,1,1,January,15,Thursday
2009-01-16,382,2009,1,1,January,16,Friday
2009-01-17,383,2009,1,1,January,17,Saturday
2009-01-18,384,2009,1,1,January,18,Sunday
2009-01-19,385,2009,1,1,January,19,Monday
2009-01-20,386,2009,1,1,January,20,Tuesday
2009-01-21,387,2009,1,1,January,21,Wednesday
2009-01-22,388,2009,1,1,January,22,Thursday
2009-01-23,389,2009,1,1,January,23,Friday
2009-01-24,390,2009,1,1,January,24,Saturday
2009-01-25,391,2009,1,1,January,25,Sunday
2009-01-26,392,2009,1,1,January,26,Monday
2009-01-27,393,2009,1,1,January,27,Tuesday
2009-01-28,394,2009,1,1,January,28,Wednesday
2009-01-29,395,2009,1,1,January,29,Thursday
2009-01-30,396,2009,1,1,January,30,Friday
2009-01-31,397,2009,1,1,January,31,Saturday
2009-02-01,398,2009,1,2,February,1,Sunday
2009-02-02,399,2009,1,2,February,2,Monday
2009-02-03,400,2009,1,2,February,3,Tuesday
2009-02-04,401,2009,1,2,February,4,Wednesday
2009-02-05,402,2009,1,2,February,5,Thursday
2009-02-06,403,2009,1,2,February,6,Friday
2009-02-07,404,2009,1,2,February,7,Saturday
2009-02-08,405,2009,1,2,February,8,Sunday
2009-02-09,406,2009,1,2,February,9,Monday
2009-02-10,407,2009,1,2,February,10,Tuesday
2009-02-11,408,2009,1,2,February,11,Wednesday
2009-02-12,409,2009,1,2,February,12,Thursday
2009-02-13,410,2009,1,2,February,13,Friday
2009-02-14,411,2009,1,2,February,14,Saturday
2009-02-15,412,2009,1,2,February,15,Sunday
2009-02-16,413,2009,1,2,February,16,Monday
2009-02-17,414,2009,1,2,February,17,Tuesday
2009-02-18,415,2009,1,2,February,18,Wednesday
2009-02-19,416,2009,1,2,February,19,Thursday
2009-02-20,417,2009,1,2,February,20,Friday
2009-02-21,418,2009,1,2,February,21,Saturday
2009-02-22,419,2009,1,2,February,22,Sunday
2009-02-23,420,2009,1,2,February,23,Monday
2009-02-24,421,2009,1,2,February,24,Tuesday
2009-02-25,422,2009,1,2,February,25,Wednesday
2009-02-26,423,2009,1,2,February,26,Thursday
2009-02-27,424,2009,1,2,February,27,Friday
2009-02-28,425,2009,1,2,February,28,Saturday
2009-03-01,426,2009,1,3,March,1,Sunday
2009-03-02,427,2009,1,3,March,2,Monday
2009-03-03,428,2009,1,3,March,3,Tuesday
2009-03-04,429,2009,1,3,March,4,Wednesday
2009-03-05,430,2009,1,3,March,5,Thursday
2009-03-06,431,2009,1,3,March,6,Friday
2009-03-07,432,2009,1,3,March,7,Saturday
2009-03-08,433,2009,1,3,March,8,Sunday
2009-03-09,434,2009,1,3,March,9,Monday
2009-03-10,435,2009,1,3,March,10,Tuesday
2009-03-11,436,2009,1,3,March,11,Wednesday
2009-03-12,437,2009,1,3,March,12,Thursday
2009-03-13,438,2009,1,3,March,13,Friday
2009-03-14,439,2009,1,3,March,14,Saturday
2009-03-15,440,2009,1,3,March,15,Sunday
2009-03-16,441,2009,1,3,March,16,Monday
2009-03-17,442,2009,1,3,March,17,Tuesday
2009-03-18,443,2009,1,3,March,18,Wednesday
2009-03-19,444,2009,1,3,March,19,Thursday
2009-03-20,445,2009,1,3,March,20,Friday
2009-03-21,446,2009,1,3,March,21,Saturday
2009-03-22,447,2009,1,3,March,22,Sunday
2009-03-23,448,2009,1,3,March,23,Monday
2009-03-24,449,2009,1,3,March,24,Tuesday
2009-03-25,450,2009,1,3,March,25,Wednesday
2009-03-26,451,2009,1,3,March,26,Thursday
2009-03-27,452,2009,1,3,March,27,Friday
2009-03-28,453,2009,1,3,March,28,Saturday
2009-03-29,454,2009,1,3,March,29,Sunday
2009-03-30,455,2009,1,3,March,30,Monday
2009-03-31,456,2009,1,3,March,31,Tuesday
2009-04-01,457,2009,2,4,April,1,Wednesday
2009-04-02,458,2009,2,4,April,2,Thursday
2009-04-03,459,2009,2,4,April,3,Friday
2009-04-04,460,2009,2,4,April,4,Saturday
2009-04-05,461,2009,2,4,April,5,Sunday
2009-04-06,462,2009,2,4,April,6,Monday
2009-04-07,463,2009,2,4,April,7,Tuesday
2009-04-08,464,2009,2,4,April,8,Wednesday
2009-04-09,465,2009,2,4,April,9,Thursday
2009-04-10,466,2009,2,4,April,10,Friday
2009-04-11,467,2009,2,4,April,11,Saturday
2009-04-12,468,2009,2,4,April,12,Sunday
2009-04-13,469,2009,2,4,April,13,Monday
2009-04-14,470,2009,2,4,April,14,Tuesday
2009-04-15,471,2009,2,4,April,15,Wednesday
2009-04-16,472,2009,2,4,April,16,Thursday
2009-04-17,473,2009,2,4,April,17,Friday
2009-04-18,474,2009,2,4,April,18,Saturday
2009-04-19,475,2009,2,4,April,19,Sunday
2009-04-20,476,2009,2,4,April,20,Monday
2009-04-21,477,2009,2,4,April,21,Tuesday
2009-04-22,478,2009,2,4,April,22,Wednesday
2009-04-23,479,2009,2,4,April,23,Thursday
2009-04-24,480,2009,2,4,April,24,Friday
2009-04-25,481,2009,2,4,April,25,Saturday
2009-04-26,482,2009,2,4,April,26,Sunday
2009-04-27,483,2009,2,4,April,27,Monday
2009-04-28,484,2009,2,4,April,28,Tuesday
2009-04-29,485,2009,2,4,April,29,Wednesday
2009-04-30,486,2009,2,4,April,30,Thursday
2009-05-01,487,2009,2,5,May,1,Friday
2009-05-02,488,2009,2,5,May,2,Saturday
2009-05-03,489,2009,2,5,May,3,Sunday
2009-05-04,490,2009,2,5,May,4,Monday
2009-05-05,491,2009,2,5,May,5,Tuesday
2009-05-06,492,2009,2,5,May,6,Wednesday
2009-05-07,493,2009,2,5,May,7,Thursday
2009-05-08,494,2009,2,5,May,8,Friday
2009-05-09,495,2009,2,5,May,9,Saturday
2009-05-10,496,2009,2,5,May,10,Sunday
2009-05-11,497,2009,2,5,May,11,Monday
2009-05-12,498,2009,2,5,May,12,Tuesday
2009-05-13,499,2009,2,5,May,13,Wednesday
2009-05-14,500,2009,2,5,May,14,Thursday
2009-05-15,501,2009,2,5,May,15,Friday
2009-05-16,502,2009,2,5,May,16,Saturday
2009-05-17,503,2009,2,5,May,17,Sunday
2009-05-18,504,2009,2,5,May,18,Monday
2009-05-19,505,2009,2,5,May,19,Tuesday
2009-05-20,506,2009,2,5,May,20,Wednesday
2009-05-21,507,2009,2,5,May,21,Thursday
2009-05-22,508,2009,2,5,May,22,Friday
2009-05-23,509,2009,2,5,May,23,Saturday
2009-05-24,510,2009,2,5,May,24,Sunday
2009-05-25,511,2009,2,5,May,25,Monday
2009-05-26,512,2009,2,5,May,26,Tuesday
2009-05-27,513,2009,2,5,May,27,Wednesday
2009-05-28,514,2009,2,5,May,28,Thursday
2009-05-29,515,2009,2,5,May,29,Friday
2009-05-30,516,2009,2,5,May,30,Saturday
2009-05-31,517,2009,2,5,May,31,Sunday
2009-06-01,518,2009,2,6,June,1,Monday
2009-06-02,519,2009,2,6,June,2,Tuesday
2009-06-03,520,2009,2,6,June,3,Wednesday
2009-06-04,521,2009,2,6,June,4,Thursday
2009-06-05,522,2009,2,6,June,5,Friday
2009-06-06,523,2009,2,6,June,6,Saturday
2009-06-07,524,2009,2,6,June,7,Sunday
2009-06-08,525,2009,2,6,June,8,Monday
2009-06-09,526,2009,2,6,June,9,Tuesday
2009-06-10,527,2009,2,6,June,10,Wednesday
2009-06-11,528,2009,2,6,June,11,Thursday
2009-06-12,529,2009,2,6,June,12,Friday
2009-06-13,530,2009,2,6,June,13,Saturday
2009-06-14,531,2009,2,6,June,14,Sunday
2009-06-15,532,2009,2,6,June,15,Monday
2009-06-16,533,2009,2,6,June,16,Tuesday
2009-06-17,534,2009,2,6,June,17,Wednesday
2009-06-18,535,2009,2,6,June,18,Thursday
2009-06-19,536,2009,2,6,June,19,Friday
2009-06-20,537,2009,2,6,June,20,Saturday
2009-06-21,538,2009,2,6,June,21,Sunday
2009-06-22,539,2009,2,6,June,22,Monday
2009-06-23,540,2009,2,6,June,23,Tuesday
2009-06-24,541,2009,2,6,June,24,Wednesday
2009-06-25,542,2009,2,6,June,25,Thursday
2009-06-26,543,2009,2,6,June,26,Friday
2009-06-27,544,2009,2,6,June,27,Saturday
2009-06-28,545,2009,2,6,June,28,Sunday
2009-06-29,546,2009,2,6,June,29,Monday
2009-06-30,547,2009,2,6,June,30,Tuesday
2009-07-01,548,2009,3,7,July,1,Wednesday
2009-07-02,549,2009,3,7,July,2,Thursday
2009-07-03,550,2009,3,7,July,3,Friday
2009-07-04,551,2009,3,7,July,4,Saturday
2009-07-05,552,2009,3,7,July,5,Sunday
2009-07-06,553,2009,3,7,July,6,Monday
2009-07-07,554,2009,3,7,July,7,Tuesday
2009-07-08,555,2009,3,7,July,8,Wednesday
2009-07-09,556,2009,3,7,July,9,Thursday
2009-07-10,557,2009,3,7,July,10,Friday
2009-07-11,558,2009,3,7,July,11,Saturday
2009-07-12,559,2009,3,7,July,12,Sunday
2009-07-13,560,2009,3,7,July,13,Monday
2009-07-14,561,2009,3,7,July,14,Tuesday
2009-07-15,562,2009,3,7,July,15,Wednesday
2009-07-16,563,2009,3,7,July,16,Thursday
2009-07-17,564,2009,3,7,July,17,Friday
2009-07-18,565,2009,3,7,July,18,Saturday
2009-07-19,566,2009,3,7,July,19,Sunday
2009-07-20,567,2009,3,7,July,20,Monday
2009-07-21,568,2009,3,7,July,21,Tuesday
2009-07-22,569,2009,3,7,July,22,Wednesday
2009-07-23,570,2009,3,7,July,23,Thursday
2009-07-24,571,2009,3,7,July,24,Friday
2009-07-25,572,2009,3,7,July,25,Saturday
2009-07-26,573,2009,3,7,July,26,Sunday
2009-07-27,574,2009,3,7,July,27,Monday
2009-07-28,575,2009,3,7,July,28,Tuesday
2009-07-29,576,2009,3,7,July,29,Wednesday
2009-07-30,577,2009,3,7,July,30,Thursday
2009-07-31,578,2009,3,7,July,31,Friday
2009-08-01,579,2009,3,8,August,1,Saturday
2009-08-02,580,2009,3,8,August,2,Sunday
2009-08-03,581,2009,3,8,August,3,Monday
2009-08-04,582,2009,3,8,August,4,Tuesday
2009-08-05,583,2009,3,8,August,5,Wednesday
2009-08-06,584,2009,3,8,August,6,Thursday
2009-08-07,585,2009,3,8,August,7,Friday
2009-08-08,586,2009,3,8,August,8,Saturday
2009-08-09,587,2009,3,8,August,9,Sunday
2009-08-10,588,2009,3,8,August,10,Monday
2009-08-11,589,2009,3,8,August,11,Tuesday
2009-08-12,590,2009,3,8,August,12,Wednesday
2009-08-13,591,2009,3,8,August,13,Thursday
2009-08-14,592,2009,3,8,August,14,Friday
2009-08-15,593,2009,3,8,August,15,Saturday
2009-08-16,594,2009,3,8,August,16,Sunday
2009-08-17,595,2009,3,8,August,17,Monday
2009-08-18,596,2009,3,8,August,18,Tuesday
2009-08-19,597,2009,3,8,August,19,Wednesday
2009-08-20,598,2009,3,8,August,20,Thursday
2009-08-21,599,2009,3,8,August,21,Friday
2009-08-22,600,2009,3,8,August,22,Saturday
2009-08-23,601,2009,3,8,August,23,Sunday
2009-08-24,602,2009,3,8,August,24,Monday
2009-08-25,603,2009,3,8,August,25,Tuesday
2009-08-26,604,2009,3,8,August,26,Wednesday
2009-08-27,605,2009,3,8,August,27,Thursday
2009-08-28,606,2009,3,8,August,28,Friday
2009-08-29,607,2009,3,8,August,29,Saturday
2009-08-30,608,2009,3,8,August,30,Sunday
2009-08-31,609,2009,3,8,August,31,Monday
2009-09-01,610,2009,3,9,September,1,Tuesday
2009-09-02,611,2009,3,9,September,2,Wednesday
2009-09-03,612,2009,3,9,September,3,Thursday
2009-09-04,613,2009,3,9,September,4,Friday
2009-09-05,614,2009,3,9,September,5,Saturday
2009-09-06,615,2009,3,9,September,6,Sunday
2009-09-07,616,2009,3,9,September,7,Monday
2009-09-08,617,2009,3,9,September,8,Tuesday
2009-09-09,618,2009,3,9,September,9,Wednesday
2009-09-10,619,2009,3,9,September,10,Thursday
2009-09-11,620,2009,3,9,September,11,Friday
2009-09-12,621,2009,3,9,September,12,Saturday
2009-09-13,622,2009,3,9,September,13,Sunday
2009-09-14,623,2009,3,9,September,14,Monday
2009-09-15,624,2009,3,9,September,15,Tuesday
2009-09-16,625,2009,3,9,September,16,Wednesday
2009-09-17,626,2009,3,9,September,17,Thursday
2009-09-18,627,2009,3,9,September,18,Friday
2009-09-19,628,2009,3,9,September,19,Saturday
2009-09-20,629,2009,3,9,September,20,Sunday
2009-09-21,630,2009,3,9,September,21,Monday
2009-09-22,631,2009,3,9,September,22,Tuesday
2009-09-23,632,2009,3,9,September,23,Wednesday
2009-09-24,633,2009,3,9,September,24,Thursday
2009-09-25,634,2009,3,9,September,25,Friday
2009-09-26,635,2009,3,9,September,26,Saturday
2009-09-27,636,2009,3,9,September,27,Sunday
2009-09-28,637,2009,3,9,September,28,Monday
2009-09-29,638,2009,3,9,September,29,Tuesday
2009-09-30,639,2009,3,9,September,30,Wednesday
2009-10-01,640,2009,4,10,October,1,Thursday
2009-10-02,641,2009,4,10,October,2,Friday
2009-10-03,642,2009,4,10,October,3,Saturday
2009-10-04,643,2009,4,10,October,4,Sunday
2009-10-05,644,2009,4,10,October,5,Monday
2009-10-06,645,2009,4,10,October,6,Tuesday
2009-10-07,646,2009,4,10,October,7,Wednesday
2009-10-08,647,2009,4,10,October,8,Thursday
2009-10-09,648,2009,4,10,October,9,Friday
2009-10-10,649,2009,4,10,October,10,Saturday
2009-10-11,650,2009,4,10,October,11,Sunday
2009-10-12,651,2009,4,10,October,12,Monday
2009-10-13,652,2009,4,10,October,13,Tuesday
2009-10-14,653,2009,4,10,October,14,Wednesday
2009-10-15,654,2009,4,10,October,15,Thursday
2009-10-16,655,2009,4,10,October,16,Friday
2009-10-17,656,2009,4,10,October,17,Saturday
2009-10-18,657,2009,4,10,October,18,Sunday
2009-10-19,658,2009,4,10,October,19,Monday
2009-10-20,659,2009,4,10,October,20,Tuesday
2009-10-21,660,2009,4,10,October,21,Wednesday
2009-10-22,661,2009,4,10,October,22,Thursday
2009-10-23,662,2009,4,10,October,23,Friday
2009-10-24,663,2009,4,10,October,24,Saturday
2009-10-25,664,2009,4,10,October,25,Sunday
2009-10-26,665,2009,4,10,October,26,Monday
2009-10-27,666,2009,4,10,October,27,Tuesday
2009-10-28,667,2009,4,10,October,28,Wednesday
2009-10-29,668,2009,4,10,October,29,Thursday
2009-10-30,669,2009,4,10,October,30,Friday
2009-10-31,670,2009,4,10,October,31,Saturday
2009-11-01,671,2009,4,11,November,1,Sunday
2009-11-02,672,2009,4,11,November,2,Monday
2009-11-03,673,2009,4,11,November,3,Tuesday
2009-11-04,674,2009,4,11,November,4,Wednesday
2009-11-05,675,2009,4,11,November,5,Thursday
2009-11-06,676,2009,4,11,November,6,Friday
2009-11-07,677,2009,4,11,November,7,Saturday
2009-11-08,678,2009,4,11,November,8,Sunday
2009-11-09,679,2009,4,11,November,9,Monday
2009-11-10,680,2009,4,11,November,10,Tuesday
2009-11-11,681,2009,4,11,November,11,Wednesday
2009-11-12,682,2009,4,11,November,12,Thursday
2009-11-13,683,2009,4,11,November,13,Friday
2009-11-14,684,2009,4,11,November,14,Saturday
2009-11-15,685,2009,4,11,November,15,Sunday
2009-11-16,686,2009,4,11,November,16,Monday
2009-11-17,687,2009,4,11,November,17,Tuesday
2009-11-18,688,2009,4,11,November,18,Wednesday
2009-11-19,689,2009,4,11,November,19,Thursday
2009-11-20,690,2009,4,11,November,20,Friday
2009-11-21,691,2009,4,11,November,21,Saturday
2009-11-22,692,2009,4,11,November,22,Sunday
2009-11-23,693,2009,4,11,November,23,Monday
2009-11-24,694,2009,4,11,November,24,Tuesday
2009-11-25,695,2009,4,11,November,25,Wednesday
2009-11-26,696,2009,4,11,November,26,Thursday
2009-11-27,697,2009,4,11,November,27,Friday
2009-11-28,698,2009,4,11,November,28,Saturday
2009-11-29,699,2009,4,11,November,29,Sunday
2009-11-30,700,2009,4,11,November,30,Monday
2009-12-01,701,2009,4,12,December,1,Tuesday
2009-12-02,702,2009,4,12,December,2,Wednesday
2009-12-03,703,2009,4,12,December,3,Thursday
2009-12-04,704,2009,4,12,December,4,Friday
2009-12-05,705,2009,4,12,December,5,Saturday
2009-12-06,706,2009,4,12,December,6,Sunday
2009-12-07,707,2009,4,12,December,7,Monday
2009-12-08,708,2009,4,12,December,8,Tuesday
2009-12-09,709,2009,4,12,December,9,Wednesday
2009-12-10,710,2009,4,12,December,10,Thursday
2009-12-11,711,2009,4,12,December,11,Friday
2009-12-12,712,2009,4,12,December,12,Saturday
2009-12-13,713,2009,4,12,December,13,Sunday
2009-12-14,714,2009,4,12,December,14,Monday
2009-12-15,715,2009,4,12,December,15,Tuesday
2009-12-16,716,2009,4,12,December,16,Wednesday
2009-12-17,717,2009,4,12,December,17,Thursday
2009-12-18,718,2009,4,12,December,18,Friday
2009-12-19,719,2009,4,12,December,19,Saturday
2009-12-20,720,2009,4,12,December,20,Sunday
2009-12-21,721,2009,4,12,December,21,Monday
2009-12-22,722,2009,4,12,December,22,Tuesday
2009-12-23,723,2009,4,12,December,23,Wednesday
2009-12-24,724,2009,4,12,December,24,Thursday
2009-12-25,725,2009,4,12,December,25,Friday
2009-12-26,726,2009,4,12,December,26,Saturday
2009-12-27,727,2009,4,12,December,27,Sunday
2009-12-28,728,2009,4,12,December,28,Monday
2009-12-29,729,2009,4,12,December,29,Tuesday
2009-12-30,730,2009,4,12,December,30,Wednesday
2009-12-31,731,2009,4,12,December,31,Thursday
